{"modules":{"com.activate.gcm.C2dmModule":{"apiName":"Gcm"}},"proxies":{"com.activate.gcm.C2dmModule":{"methods":{"registerC2dm":{"hasInvocation":false,"apiName":"registerC2dm","defaultValueProvider":"org.appcelerator.kroll.KrollConverter","args":[{"defaultValueProvider":"org.appcelerator.kroll.KrollConverter","converter":"org.appcelerator.kroll.KrollConverter","sourceName":"options","name":"options","type":"java.util.HashMap"}],"converter":"org.appcelerator.kroll.KrollConverter","runOnUiThread":false,"name":"__default_name__","returnType":"void"},"unregister":{"hasInvocation":false,"apiName":"unregister","defaultValueProvider":"org.appcelerator.kroll.KrollConverter","args":[],"converter":"org.appcelerator.kroll.KrollConverter","runOnUiThread":false,"name":"__default_name__","returnType":"void"},"getRegistrationId":{"hasInvocation":false,"apiName":"getRegistrationId","defaultValueProvider":"org.appcelerator.kroll.KrollConverter","args":[],"converter":"org.appcelerator.kroll.KrollConverter","runOnUiThread":false,"name":"__default_name__","returnType":"java.lang.String"},"getSenderId":{"hasInvocation":false,"apiName":"getSenderId","defaultValueProvider":"org.appcelerator.kroll.KrollConverter","args":[],"converter":"org.appcelerator.kroll.KrollConverter","runOnUiThread":false,"name":"__default_name__","returnType":"java.lang.String"}},"proxyClassName":"C2dmModule","superProxyClassName":"KrollModule","proxyAttrs":{"proxyClassName":"com.activate.gcm.C2dmModule","id":"com.activate.gcm","propertyAccessors":[],"isTopLevel":false,"contextSpecific":false,"name":"Gcm","fullAPIName":"Gcm"},"superProxyBindingClassName":"org.appcelerator.kroll.KrollModuleBindingGen","packageName":"com.activate.gcm","sourceName":"com.activate.gcm.C2dmModuleBindingGen","genClassName":"C2dmModuleBindingGen","isModule":true,"superPackageName":"org.appcelerator.kroll"}}}